year,data_mean_global,data_mean_nh,data_mean_sh
0,0,0,0
1,0,0,0
2,0,0,0
3,0,0,0
4,0,0,0
5,0,0,0
6,0,0,0
7,0,0,0
8,0,0,0
9,0,0,0
10,0,0,0
11,0,0,0
12,0,0,0
13,0,0,0
14,0,0,0
15,0,0,0
16,0,0,0
17,0,0,0
18,0,0,0
19,0,0,0
20,0,0,0
21,0,0,0
22,0,0,0
23,0,0,0
24,0,0,0
25,0,0,0
26,0,0,0
27,0,0,0
28,0,0,0
29,0,0,0
30,0,0,0
31,0,0,0
32,0,0,0
33,0,0,0
34,0,0,0
35,0,0,0
36,0,0,0
37,0,0,0
38,0,0,0
39,0,0,0
40,0,0,0
41,0,0,0
42,0,0,0
43,0,0,0
44,0,0,0
45,0,0,0
46,0,0,0
47,0,0,0
48,0,0,0
49,0,0,0
50,0,0,0
51,0,0,0
52,0,0,0
53,0,0,0
54,0,0,0
55,0,0,0
56,0,0,0
57,0,0,0
58,0,0,0
59,0,0,0
60,0,0,0
61,0,0,0
62,0,0,0
63,0,0,0
64,0,0,0
65,0,0,0
66,0,0,0
67,0,0,0
68,0,0,0
69,0,0,0
70,0,0,0
71,0,0,0
72,0,0,0
73,0,0,0
74,0,0,0
75,0,0,0
76,0,0,0
77,0,0,0
78,0,0,0
79,0,0,0
80,0,0,0
81,0,0,0
82,0,0,0
83,0,0,0
84,0,0,0
85,0,0,0
86,0,0,0
87,0,0,0
88,0,0,0
89,0,0,0
90,0,0,0
91,0,0,0
92,0,0,0
93,0,0,0
94,0,0,0
95,0,0,0
96,0,0,0
97,0,0,0
98,0,0,0
99,0,0,0
100,0,0,0
101,0,0,0
102,0,0,0
103,0,0,0
104,0,0,0
105,0,0,0
106,0,0,0
107,0,0,0
108,0,0,0
109,0,0,0
110,0,0,0
111,0,0,0
112,0,0,0
113,0,0,0
114,0,0,0
115,0,0,0
116,0,0,0
117,0,0,0
118,0,0,0
119,0,0,0
120,0,0,0
121,0,0,0
122,0,0,0
123,0,0,0
124,0,0,0
125,0,0,0
126,0,0,0
127,0,0,0
128,0,0,0
129,0,0,0
130,0,0,0
131,0,0,0
132,0,0,0
133,0,0,0
134,0,0,0
135,0,0,0
136,0,0,0
137,0,0,0
138,0,0,0
139,0,0,0
140,0,0,0
141,0,0,0
142,0,0,0
143,0,0,0
144,0,0,0
145,0,0,0
146,0,0,0
147,0,0,0
148,0,0,0
149,0,0,0
150,0,0,0
151,0,0,0
152,0,0,0
153,0,0,0
154,0,0,0
155,0,0,0
156,0,0,0
157,0,0,0
158,0,0,0
159,0,0,0
160,0,0,0
161,0,0,0
162,0,0,0
163,0,0,0
164,0,0,0
165,0,0,0
166,0,0,0
167,0,0,0
168,0,0,0
169,0,0,0
170,0,0,0
171,0,0,0
172,0,0,0
173,0,0,0
174,0,0,0
175,0,0,0
176,0,0,0
177,0,0,0
178,0,0,0
179,0,0,0
180,0,0,0
181,0,0,0
182,0,0,0
183,0,0,0
184,0,0,0
185,0,0,0
186,0,0,0
187,0,0,0
188,0,0,0
189,0,0,0
190,0,0,0
191,0,0,0
192,0,0,0
193,0,0,0
194,0,0,0
195,0,0,0
196,0,0,0
197,0,0,0
198,0,0,0
199,0,0,0
200,0,0,0
201,0,0,0
202,0,0,0
203,0,0,0
204,0,0,0
205,0,0,0
206,0,0,0
207,0,0,0
208,0,0,0
209,0,0,0
210,0,0,0
211,0,0,0
212,0,0,0
213,0,0,0
214,0,0,0
215,0,0,0
216,0,0,0
217,0,0,0
218,0,0,0
219,0,0,0
220,0,0,0
221,0,0,0
222,0,0,0
223,0,0,0
224,0,0,0
225,0,0,0
226,0,0,0
227,0,0,0
228,0,0,0
229,0,0,0
230,0,0,0
231,0,0,0
232,0,0,0
233,0,0,0
234,0,0,0
235,0,0,0
236,0,0,0
237,0,0,0
238,0,0,0
239,0,0,0
240,0,0,0
241,0,0,0
242,0,0,0
243,0,0,0
244,0,0,0
245,0,0,0
246,0,0,0
247,0,0,0
248,0,0,0
249,0,0,0
250,0,0,0
251,0,0,0
252,0,0,0
253,0,0,0
254,0,0,0
255,0,0,0
256,0,0,0
257,0,0,0
258,0,0,0
259,0,0,0
260,0,0,0
261,0,0,0
262,0,0,0
263,0,0,0
264,0,0,0
265,0,0,0
266,0,0,0
267,0,0,0
268,0,0,0
269,0,0,0
270,0,0,0
271,0,0,0
272,0,0,0
273,0,0,0
274,0,0,0
275,0,0,0
276,0,0,0
277,0,0,0
278,0,0,0
279,0,0,0
280,0,0,0
281,0,0,0
282,0,0,0
283,0,0,0
284,0,0,0
285,0,0,0
286,0,0,0
287,0,0,0
288,0,0,0
289,0,0,0
290,0,0,0
291,0,0,0
292,0,0,0
293,0,0,0
294,0,0,0
295,0,0,0
296,0,0,0
297,0,0,0
298,0,0,0
299,0,0,0
300,0,0,0
301,0,0,0
302,0,0,0
303,0,0,0
304,0,0,0
305,0,0,0
306,0,0,0
307,0,0,0
308,0,0,0
309,0,0,0
310,0,0,0
311,0,0,0
312,0,0,0
313,0,0,0
314,0,0,0
315,0,0,0
316,0,0,0
317,0,0,0
318,0,0,0
319,0,0,0
320,0,0,0
321,0,0,0
322,0,0,0
323,0,0,0
324,0,0,0
325,0,0,0
326,0,0,0
327,0,0,0
328,0,0,0
329,0,0,0
330,0,0,0
331,0,0,0
332,0,0,0
333,0,0,0
334,0,0,0
335,0,0,0
336,0,0,0
337,0,0,0
338,0,0,0
339,0,0,0
340,0,0,0
341,0,0,0
342,0,0,0
343,0,0,0
344,0,0,0
345,0,0,0
346,0,0,0
347,0,0,0
348,0,0,0
349,0,0,0
350,0,0,0
351,0,0,0
352,0,0,0
353,0,0,0
354,0,0,0
355,0,0,0
356,0,0,0
357,0,0,0
358,0,0,0
359,0,0,0
360,0,0,0
361,0,0,0
362,0,0,0
363,0,0,0
364,0,0,0
365,0,0,0
366,0,0,0
367,0,0,0
368,0,0,0
369,0,0,0
370,0,0,0
371,0,0,0
372,0,0,0
373,0,0,0
374,0,0,0
375,0,0,0
376,0,0,0
377,0,0,0
378,0,0,0
379,0,0,0
380,0,0,0
381,0,0,0
382,0,0,0
383,0,0,0
384,0,0,0
385,0,0,0
386,0,0,0
387,0,0,0
388,0,0,0
389,0,0,0
390,0,0,0
391,0,0,0
392,0,0,0
393,0,0,0
394,0,0,0
395,0,0,0
396,0,0,0
397,0,0,0
398,0,0,0
399,0,0,0
400,0,0,0
401,0,0,0
402,0,0,0
403,0,0,0
404,0,0,0
405,0,0,0
406,0,0,0
407,0,0,0
408,0,0,0
409,0,0,0
410,0,0,0
411,0,0,0
412,0,0,0
413,0,0,0
414,0,0,0
415,0,0,0
416,0,0,0
417,0,0,0
418,0,0,0
419,0,0,0
420,0,0,0
421,0,0,0
422,0,0,0
423,0,0,0
424,0,0,0
425,0,0,0
426,0,0,0
427,0,0,0
428,0,0,0
429,0,0,0
430,0,0,0
431,0,0,0
432,0,0,0
433,0,0,0
434,0,0,0
435,0,0,0
436,0,0,0
437,0,0,0
438,0,0,0
439,0,0,0
440,0,0,0
441,0,0,0
442,0,0,0
443,0,0,0
444,0,0,0
445,0,0,0
446,0,0,0
447,0,0,0
448,0,0,0
449,0,0,0
450,0,0,0
451,0,0,0
452,0,0,0
453,0,0,0
454,0,0,0
455,0,0,0
456,0,0,0
457,0,0,0
458,0,0,0
459,0,0,0
460,0,0,0
461,0,0,0
462,0,0,0
463,0,0,0
464,0,0,0
465,0,0,0
466,0,0,0
467,0,0,0
468,0,0,0
469,0,0,0
470,0,0,0
471,0,0,0
472,0,0,0
473,0,0,0
474,0,0,0
475,0,0,0
476,0,0,0
477,0,0,0
478,0,0,0
479,0,0,0
480,0,0,0
481,0,0,0
482,0,0,0
483,0,0,0
484,0,0,0
485,0,0,0
486,0,0,0
487,0,0,0
488,0,0,0
489,0,0,0
490,0,0,0
491,0,0,0
492,0,0,0
493,0,0,0
494,0,0,0
495,0,0,0
496,0,0,0
497,0,0,0
498,0,0,0
499,0,0,0
500,0,0,0
501,0,0,0
502,0,0,0
503,0,0,0
504,0,0,0
505,0,0,0
506,0,0,0
507,0,0,0
508,0,0,0
509,0,0,0
510,0,0,0
511,0,0,0
512,0,0,0
513,0,0,0
514,0,0,0
515,0,0,0
516,0,0,0
517,0,0,0
518,0,0,0
519,0,0,0
520,0,0,0
521,0,0,0
522,0,0,0
523,0,0,0
524,0,0,0
525,0,0,0
526,0,0,0
527,0,0,0
528,0,0,0
529,0,0,0
530,0,0,0
531,0,0,0
532,0,0,0
533,0,0,0
534,0,0,0
535,0,0,0
536,0,0,0
537,0,0,0
538,0,0,0
539,0,0,0
540,0,0,0
541,0,0,0
542,0,0,0
543,0,0,0
544,0,0,0
545,0,0,0
546,0,0,0
547,0,0,0
548,0,0,0
549,0,0,0
550,0,0,0
551,0,0,0
552,0,0,0
553,0,0,0
554,0,0,0
555,0,0,0
556,0,0,0
557,0,0,0
558,0,0,0
559,0,0,0
560,0,0,0
561,0,0,0
562,0,0,0
563,0,0,0
564,0,0,0
565,0,0,0
566,0,0,0
567,0,0,0
568,0,0,0
569,0,0,0
570,0,0,0
571,0,0,0
572,0,0,0
573,0,0,0
574,0,0,0
575,0,0,0
576,0,0,0
577,0,0,0
578,0,0,0
579,0,0,0
580,0,0,0
581,0,0,0
582,0,0,0
583,0,0,0
584,0,0,0
585,0,0,0
586,0,0,0
587,0,0,0
588,0,0,0
589,0,0,0
590,0,0,0
591,0,0,0
592,0,0,0
593,0,0,0
594,0,0,0
595,0,0,0
596,0,0,0
597,0,0,0
598,0,0,0
599,0,0,0
600,0,0,0
601,0,0,0
602,0,0,0
603,0,0,0
604,0,0,0
605,0,0,0
606,0,0,0
607,0,0,0
608,0,0,0
609,0,0,0
610,0,0,0
611,0,0,0
612,0,0,0
613,0,0,0
614,0,0,0
615,0,0,0
616,0,0,0
617,0,0,0
618,0,0,0
619,0,0,0
620,0,0,0
621,0,0,0
622,0,0,0
623,0,0,0
624,0,0,0
625,0,0,0
626,0,0,0
627,0,0,0
628,0,0,0
629,0,0,0
630,0,0,0
631,0,0,0
632,0,0,0
633,0,0,0
634,0,0,0
635,0,0,0
636,0,0,0
637,0,0,0
638,0,0,0
639,0,0,0
640,0,0,0
641,0,0,0
642,0,0,0
643,0,0,0
644,0,0,0
645,0,0,0
646,0,0,0
647,0,0,0
648,0,0,0
649,0,0,0
650,0,0,0
651,0,0,0
652,0,0,0
653,0,0,0
654,0,0,0
655,0,0,0
656,0,0,0
657,0,0,0
658,0,0,0
659,0,0,0
660,0,0,0
661,0,0,0
662,0,0,0
663,0,0,0
664,0,0,0
665,0,0,0
666,0,0,0
667,0,0,0
668,0,0,0
669,0,0,0
670,0,0,0
671,0,0,0
672,0,0,0
673,0,0,0
674,0,0,0
675,0,0,0
676,0,0,0
677,0,0,0
678,0,0,0
679,0,0,0
680,0,0,0
681,0,0,0
682,0,0,0
683,0,0,0
684,0,0,0
685,0,0,0
686,0,0,0
687,0,0,0
688,0,0,0
689,0,0,0
690,0,0,0
691,0,0,0
692,0,0,0
693,0,0,0
694,0,0,0
695,0,0,0
696,0,0,0
697,0,0,0
698,0,0,0
699,0,0,0
700,0,0,0
701,0,0,0
702,0,0,0
703,0,0,0
704,0,0,0
705,0,0,0
706,0,0,0
707,0,0,0
708,0,0,0
709,0,0,0
710,0,0,0
711,0,0,0
712,0,0,0
713,0,0,0
714,0,0,0
715,0,0,0
716,0,0,0
717,0,0,0
718,0,0,0
719,0,0,0
720,0,0,0
721,0,0,0
722,0,0,0
723,0,0,0
724,0,0,0
725,0,0,0
726,0,0,0
727,0,0,0
728,0,0,0
729,0,0,0
730,0,0,0
731,0,0,0
732,0,0,0
733,0,0,0
734,0,0,0
735,0,0,0
736,0,0,0
737,0,0,0
738,0,0,0
739,0,0,0
740,0,0,0
741,0,0,0
742,0,0,0
743,0,0,0
744,0,0,0
745,0,0,0
746,0,0,0
747,0,0,0
748,0,0,0
749,0,0,0
750,0,0,0
751,0,0,0
752,0,0,0
753,0,0,0
754,0,0,0
755,0,0,0
756,0,0,0
757,0,0,0
758,0,0,0
759,0,0,0
760,0,0,0
761,0,0,0
762,0,0,0
763,0,0,0
764,0,0,0
765,0,0,0
766,0,0,0
767,0,0,0
768,0,0,0
769,0,0,0
770,0,0,0
771,0,0,0
772,0,0,0
773,0,0,0
774,0,0,0
775,0,0,0
776,0,0,0
777,0,0,0
778,0,0,0
779,0,0,0
780,0,0,0
781,0,0,0
782,0,0,0
783,0,0,0
784,0,0,0
785,0,0,0
786,0,0,0
787,0,0,0
788,0,0,0
789,0,0,0
790,0,0,0
791,0,0,0
792,0,0,0
793,0,0,0
794,0,0,0
795,0,0,0
796,0,0,0
797,0,0,0
798,0,0,0
799,0,0,0
800,0,0,0
801,0,0,0
802,0,0,0
803,0,0,0
804,0,0,0
805,0,0,0
806,0,0,0
807,0,0,0
808,0,0,0
809,0,0,0
810,0,0,0
811,0,0,0
812,0,0,0
813,0,0,0
814,0,0,0
815,0,0,0
816,0,0,0
817,0,0,0
818,0,0,0
819,0,0,0
820,0,0,0
821,0,0,0
822,0,0,0
823,0,0,0
824,0,0,0
825,0,0,0
826,0,0,0
827,0,0,0
828,0,0,0
829,0,0,0
830,0,0,0
831,0,0,0
832,0,0,0
833,0,0,0
834,0,0,0
835,0,0,0
836,0,0,0
837,0,0,0
838,0,0,0
839,0,0,0
840,0,0,0
841,0,0,0
842,0,0,0
843,0,0,0
844,0,0,0
845,0,0,0
846,0,0,0
847,0,0,0
848,0,0,0
849,0,0,0
850,0,0,0
851,0,0,0
852,0,0,0
853,0,0,0
854,0,0,0
855,0,0,0
856,0,0,0
857,0,0,0
858,0,0,0
859,0,0,0
860,0,0,0
861,0,0,0
862,0,0,0
863,0,0,0
864,0,0,0
865,0,0,0
866,0,0,0
867,0,0,0
868,0,0,0
869,0,0,0
870,0,0,0
871,0,0,0
872,0,0,0
873,0,0,0
874,0,0,0
875,0,0,0
876,0,0,0
877,0,0,0
878,0,0,0
879,0,0,0
880,0,0,0
881,0,0,0
882,0,0,0
883,0,0,0
884,0,0,0
885,0,0,0
886,0,0,0
887,0,0,0
888,0,0,0
889,0,0,0
890,0,0,0
891,0,0,0
892,0,0,0
893,0,0,0
894,0,0,0
895,0,0,0
896,0,0,0
897,0,0,0
898,0,0,0
899,0,0,0
900,0,0,0
901,0,0,0
902,0,0,0
903,0,0,0
904,0,0,0
905,0,0,0
906,0,0,0
907,0,0,0
908,0,0,0
909,0,0,0
910,0,0,0
911,0,0,0
912,0,0,0
913,0,0,0
914,0,0,0
915,0,0,0
916,0,0,0
917,0,0,0
918,0,0,0
919,0,0,0
920,0,0,0
921,0,0,0
922,0,0,0
923,0,0,0
924,0,0,0
925,0,0,0
926,0,0,0
927,0,0,0
928,0,0,0
929,0,0,0
930,0,0,0
931,0,0,0
932,0,0,0
933,0,0,0
934,0,0,0
935,0,0,0
936,0,0,0
937,0,0,0
938,0,0,0
939,0,0,0
940,0,0,0
941,0,0,0
942,0,0,0
943,0,0,0
944,0,0,0
945,0,0,0
946,0,0,0
947,0,0,0
948,0,0,0
949,0,0,0
950,0,0,0
951,0,0,0
952,0,0,0
953,0,0,0
954,0,0,0
955,0,0,0
956,0,0,0
957,0,0,0
958,0,0,0
959,0,0,0
960,0,0,0
961,0,0,0
962,0,0,0
963,0,0,0
964,0,0,0
965,0,0,0
966,0,0,0
967,0,0,0
968,0,0,0
969,0,0,0
970,0,0,0
971,0,0,0
972,0,0,0
973,0,0,0
974,0,0,0
975,0,0,0
976,0,0,0
977,0,0,0
978,0,0,0
979,0,0,0
980,0,0,0
981,0,0,0
982,0,0,0
983,0,0,0
984,0,0,0
985,0,0,0
986,0,0,0
987,0,0,0
988,0,0,0
989,0,0,0
990,0,0,0
991,0,0,0
992,0,0,0
993,0,0,0
994,0,0,0
995,0,0,0
996,0,0,0
997,0,0,0
998,0,0,0
999,0,0,0
1000,0,0,0
1001,0,0,0
1002,0,0,0
1003,0,0,0
1004,0,0,0
1005,0,0,0
1006,0,0,0
1007,0,0,0
1008,0,0,0
1009,0,0,0
1010,0,0,0
1011,0,0,0
1012,0,0,0
1013,0,0,0
1014,0,0,0
1015,0,0,0
1016,0,0,0
1017,0,0,0
1018,0,0,0
1019,0,0,0
1020,0,0,0
1021,0,0,0
1022,0,0,0
1023,0,0,0
1024,0,0,0
1025,0,0,0
1026,0,0,0
1027,0,0,0
1028,0,0,0
1029,0,0,0
1030,0,0,0
1031,0,0,0
1032,0,0,0
1033,0,0,0
1034,0,0,0
1035,0,0,0
1036,0,0,0
1037,0,0,0
1038,0,0,0
1039,0,0,0
1040,0,0,0
1041,0,0,0
1042,0,0,0
1043,0,0,0
1044,0,0,0
1045,0,0,0
1046,0,0,0
1047,0,0,0
1048,0,0,0
1049,0,0,0
1050,0,0,0
1051,0,0,0
1052,0,0,0
1053,0,0,0
1054,0,0,0
1055,0,0,0
1056,0,0,0
1057,0,0,0
1058,0,0,0
1059,0,0,0
1060,0,0,0
1061,0,0,0
1062,0,0,0
1063,0,0,0
1064,0,0,0
1065,0,0,0
1066,0,0,0
1067,0,0,0
1068,0,0,0
1069,0,0,0
1070,0,0,0
1071,0,0,0
1072,0,0,0
1073,0,0,0
1074,0,0,0
1075,0,0,0
1076,0,0,0
1077,0,0,0
1078,0,0,0
1079,0,0,0
1080,0,0,0
1081,0,0,0
1082,0,0,0
1083,0,0,0
1084,0,0,0
1085,0,0,0
1086,0,0,0
1087,0,0,0
1088,0,0,0
1089,0,0,0
1090,0,0,0
1091,0,0,0
1092,0,0,0
1093,0,0,0
1094,0,0,0
1095,0,0,0
1096,0,0,0
1097,0,0,0
1098,0,0,0
1099,0,0,0
1100,0,0,0
1101,0,0,0
1102,0,0,0
1103,0,0,0
1104,0,0,0
1105,0,0,0
1106,0,0,0
1107,0,0,0
1108,0,0,0
1109,0,0,0
1110,0,0,0
1111,0,0,0
1112,0,0,0
1113,0,0,0
1114,0,0,0
1115,0,0,0
1116,0,0,0
1117,0,0,0
1118,0,0,0
1119,0,0,0
1120,0,0,0
1121,0,0,0
1122,0,0,0
1123,0,0,0
1124,0,0,0
1125,0,0,0
1126,0,0,0
1127,0,0,0
1128,0,0,0
1129,0,0,0
1130,0,0,0
1131,0,0,0
1132,0,0,0
1133,0,0,0
1134,0,0,0
1135,0,0,0
1136,0,0,0
1137,0,0,0
1138,0,0,0
1139,0,0,0
1140,0,0,0
1141,0,0,0
1142,0,0,0
1143,0,0,0
1144,0,0,0
1145,0,0,0
1146,0,0,0
1147,0,0,0
1148,0,0,0
1149,0,0,0
1150,0,0,0
1151,0,0,0
1152,0,0,0
1153,0,0,0
1154,0,0,0
1155,0,0,0
1156,0,0,0
1157,0,0,0
1158,0,0,0
1159,0,0,0
1160,0,0,0
1161,0,0,0
1162,0,0,0
1163,0,0,0
1164,0,0,0
1165,0,0,0
1166,0,0,0
1167,0,0,0
1168,0,0,0
1169,0,0,0
1170,0,0,0
1171,0,0,0
1172,0,0,0
1173,0,0,0
1174,0,0,0
1175,0,0,0
1176,0,0,0
1177,0,0,0
1178,0,0,0
1179,0,0,0
1180,0,0,0
1181,0,0,0
1182,0,0,0
1183,0,0,0
1184,0,0,0
1185,0,0,0
1186,0,0,0
1187,0,0,0
1188,0,0,0
1189,0,0,0
1190,0,0,0
1191,0,0,0
1192,0,0,0
1193,0,0,0
1194,0,0,0
1195,0,0,0
1196,0,0,0
1197,0,0,0
1198,0,0,0
1199,0,0,0
1200,0,0,0
1201,0,0,0
1202,0,0,0
1203,0,0,0
1204,0,0,0
1205,0,0,0
1206,0,0,0
1207,0,0,0
1208,0,0,0
1209,0,0,0
1210,0,0,0
1211,0,0,0
1212,0,0,0
1213,0,0,0
1214,0,0,0
1215,0,0,0
1216,0,0,0
1217,0,0,0
1218,0,0,0
1219,0,0,0
1220,0,0,0
1221,0,0,0
1222,0,0,0
1223,0,0,0
1224,0,0,0
1225,0,0,0
1226,0,0,0
1227,0,0,0
1228,0,0,0
1229,0,0,0
1230,0,0,0
1231,0,0,0
1232,0,0,0
1233,0,0,0
1234,0,0,0
1235,0,0,0
1236,0,0,0
1237,0,0,0
1238,0,0,0
1239,0,0,0
1240,0,0,0
1241,0,0,0
1242,0,0,0
1243,0,0,0
1244,0,0,0
1245,0,0,0
1246,0,0,0
1247,0,0,0
1248,0,0,0
1249,0,0,0
1250,0,0,0
1251,0,0,0
1252,0,0,0
1253,0,0,0
1254,0,0,0
1255,0,0,0
1256,0,0,0
1257,0,0,0
1258,0,0,0
1259,0,0,0
1260,0,0,0
1261,0,0,0
1262,0,0,0
1263,0,0,0
1264,0,0,0
1265,0,0,0
1266,0,0,0
1267,0,0,0
1268,0,0,0
1269,0,0,0
1270,0,0,0
1271,0,0,0
1272,0,0,0
1273,0,0,0
1274,0,0,0
1275,0,0,0
1276,0,0,0
1277,0,0,0
1278,0,0,0
1279,0,0,0
1280,0,0,0
1281,0,0,0
1282,0,0,0
1283,0,0,0
1284,0,0,0
1285,0,0,0
1286,0,0,0
1287,0,0,0
1288,0,0,0
1289,0,0,0
1290,0,0,0
1291,0,0,0
1292,0,0,0
1293,0,0,0
1294,0,0,0
1295,0,0,0
1296,0,0,0
1297,0,0,0
1298,0,0,0
1299,0,0,0
1300,0,0,0
1301,0,0,0
1302,0,0,0
1303,0,0,0
1304,0,0,0
1305,0,0,0
1306,0,0,0
1307,0,0,0
1308,0,0,0
1309,0,0,0
1310,0,0,0
1311,0,0,0
1312,0,0,0
1313,0,0,0
1314,0,0,0
1315,0,0,0
1316,0,0,0
1317,0,0,0
1318,0,0,0
1319,0,0,0
1320,0,0,0
1321,0,0,0
1322,0,0,0
1323,0,0,0
1324,0,0,0
1325,0,0,0
1326,0,0,0
1327,0,0,0
1328,0,0,0
1329,0,0,0
1330,0,0,0
1331,0,0,0
1332,0,0,0
1333,0,0,0
1334,0,0,0
1335,0,0,0
1336,0,0,0
1337,0,0,0
1338,0,0,0
1339,0,0,0
1340,0,0,0
1341,0,0,0
1342,0,0,0
1343,0,0,0
1344,0,0,0
1345,0,0,0
1346,0,0,0
1347,0,0,0
1348,0,0,0
1349,0,0,0
1350,0,0,0
1351,0,0,0
1352,0,0,0
1353,0,0,0
1354,0,0,0
1355,0,0,0
1356,0,0,0
1357,0,0,0
1358,0,0,0
1359,0,0,0
1360,0,0,0
1361,0,0,0
1362,0,0,0
1363,0,0,0
1364,0,0,0
1365,0,0,0
1366,0,0,0
1367,0,0,0
1368,0,0,0
1369,0,0,0
1370,0,0,0
1371,0,0,0
1372,0,0,0
1373,0,0,0
1374,0,0,0
1375,0,0,0
1376,0,0,0
1377,0,0,0
1378,0,0,0
1379,0,0,0
1380,0,0,0
1381,0,0,0
1382,0,0,0
1383,0,0,0
1384,0,0,0
1385,0,0,0
1386,0,0,0
1387,0,0,0
1388,0,0,0
1389,0,0,0
1390,0,0,0
1391,0,0,0
1392,0,0,0
1393,0,0,0
1394,0,0,0
1395,0,0,0
1396,0,0,0
1397,0,0,0
1398,0,0,0
1399,0,0,0
1400,0,0,0
1401,0,0,0
1402,0,0,0
1403,0,0,0
1404,0,0,0
1405,0,0,0
1406,0,0,0
1407,0,0,0
1408,0,0,0
1409,0,0,0
1410,0,0,0
1411,0,0,0
1412,0,0,0
1413,0,0,0
1414,0,0,0
1415,0,0,0
1416,0,0,0
1417,0,0,0
1418,0,0,0
1419,0,0,0
1420,0,0,0
1421,0,0,0
1422,0,0,0
1423,0,0,0
1424,0,0,0
1425,0,0,0
1426,0,0,0
1427,0,0,0
1428,0,0,0
1429,0,0,0
1430,0,0,0
1431,0,0,0
1432,0,0,0
1433,0,0,0
1434,0,0,0
1435,0,0,0
1436,0,0,0
1437,0,0,0
1438,0,0,0
1439,0,0,0
1440,0,0,0
1441,0,0,0
1442,0,0,0
1443,0,0,0
1444,0,0,0
1445,0,0,0
1446,0,0,0
1447,0,0,0
1448,0,0,0
1449,0,0,0
1450,0,0,0
1451,0,0,0
1452,0,0,0
1453,0,0,0
1454,0,0,0
1455,0,0,0
1456,0,0,0
1457,0,0,0
1458,0,0,0
1459,0,0,0
1460,0,0,0
1461,0,0,0
1462,0,0,0
1463,0,0,0
1464,0,0,0
1465,0,0,0
1466,0,0,0
1467,0,0,0
1468,0,0,0
1469,0,0,0
1470,0,0,0
1471,0,0,0
1472,0,0,0
1473,0,0,0
1474,0,0,0
1475,0,0,0
1476,0,0,0
1477,0,0,0
1478,0,0,0
1479,0,0,0
1480,0,0,0
1481,0,0,0
1482,0,0,0
1483,0,0,0
1484,0,0,0
1485,0,0,0
1486,0,0,0
1487,0,0,0
1488,0,0,0
1489,0,0,0
1490,0,0,0
1491,0,0,0
1492,0,0,0
1493,0,0,0
1494,0,0,0
1495,0,0,0
1496,0,0,0
1497,0,0,0
1498,0,0,0
1499,0,0,0
1500,0,0,0
1501,0,0,0
1502,0,0,0
1503,0,0,0
1504,0,0,0
1505,0,0,0
1506,0,0,0
1507,0,0,0
1508,0,0,0
1509,0,0,0
1510,0,0,0
1511,0,0,0
1512,0,0,0
1513,0,0,0
1514,0,0,0
1515,0,0,0
1516,0,0,0
1517,0,0,0
1518,0,0,0
1519,0,0,0
1520,0,0,0
1521,0,0,0
1522,0,0,0
1523,0,0,0
1524,0,0,0
1525,0,0,0
1526,0,0,0
1527,0,0,0
1528,0,0,0
1529,0,0,0
1530,0,0,0
1531,0,0,0
1532,0,0,0
1533,0,0,0
1534,0,0,0
1535,0,0,0
1536,0,0,0
1537,0,0,0
1538,0,0,0
1539,0,0,0
1540,0,0,0
1541,0,0,0
1542,0,0,0
1543,0,0,0
1544,0,0,0
1545,0,0,0
1546,0,0,0
1547,0,0,0
1548,0,0,0
1549,0,0,0
1550,0,0,0
1551,0,0,0
1552,0,0,0
1553,0,0,0
1554,0,0,0
1555,0,0,0
1556,0,0,0
1557,0,0,0
1558,0,0,0
1559,0,0,0
1560,0,0,0
1561,0,0,0
1562,0,0,0
1563,0,0,0
1564,0,0,0
1565,0,0,0
1566,0,0,0
1567,0,0,0
1568,0,0,0
1569,0,0,0
1570,0,0,0
1571,0,0,0
1572,0,0,0
1573,0,0,0
1574,0,0,0
1575,0,0,0
1576,0,0,0
1577,0,0,0
1578,0,0,0
1579,0,0,0
1580,0,0,0
1581,0,0,0
1582,0,0,0
1583,0,0,0
1584,0,0,0
1585,0,0,0
1586,0,0,0
1587,0,0,0
1588,0,0,0
1589,0,0,0
1590,0,0,0
1591,0,0,0
1592,0,0,0
1593,0,0,0
1594,0,0,0
1595,0,0,0
1596,0,0,0
1597,0,0,0
1598,0,0,0
1599,0,0,0
1600,0,0,0
1601,0,0,0
1602,0,0,0
1603,0,0,0
1604,0,0,0
1605,0,0,0
1606,0,0,0
1607,0,0,0
1608,0,0,0
1609,0,0,0
1610,0,0,0
1611,0,0,0
1612,0,0,0
1613,0,0,0
1614,0,0,0
1615,0,0,0
1616,0,0,0
1617,0,0,0
1618,0,0,0
1619,0,0,0
1620,0,0,0
1621,0,0,0
1622,0,0,0
1623,0,0,0
1624,0,0,0
1625,0,0,0
1626,0,0,0
1627,0,0,0
1628,0,0,0
1629,0,0,0
1630,0,0,0
1631,0,0,0
1632,0,0,0
1633,0,0,0
1634,0,0,0
1635,0,0,0
1636,0,0,0
1637,0,0,0
1638,0,0,0
1639,0,0,0
1640,0,0,0
1641,0,0,0
1642,0,0,0
1643,0,0,0
1644,0,0,0
1645,0,0,0
1646,0,0,0
1647,0,0,0
1648,0,0,0
1649,0,0,0
1650,0,0,0
1651,0,0,0
1652,0,0,0
1653,0,0,0
1654,0,0,0
1655,0,0,0
1656,0,0,0
1657,0,0,0
1658,0,0,0
1659,0,0,0
1660,0,0,0
1661,0,0,0
1662,0,0,0
1663,0,0,0
1664,0,0,0
1665,0,0,0
1666,0,0,0
1667,0,0,0
1668,0,0,0
1669,0,0,0
1670,0,0,0
1671,0,0,0
1672,0,0,0
1673,0,0,0
1674,0,0,0
1675,0,0,0
1676,0,0,0
1677,0,0,0
1678,0,0,0
1679,0,0,0
1680,0,0,0
1681,0,0,0
1682,0,0,0
1683,0,0,0
1684,0,0,0
1685,0,0,0
1686,0,0,0
1687,0,0,0
1688,0,0,0
1689,0,0,0
1690,0,0,0
1691,0,0,0
1692,0,0,0
1693,0,0,0
1694,0,0,0
1695,0,0,0
1696,0,0,0
1697,0,0,0
1698,0,0,0
1699,0,0,0
1700,0,0,0
1701,0,0,0
1702,0,0,0
1703,0,0,0
1704,0,0,0
1705,0,0,0
1706,0,0,0
1707,0,0,0
1708,0,0,0
1709,0,0,0
1710,0,0,0
1711,0,0,0
1712,0,0,0
1713,0,0,0
1714,0,0,0
1715,0,0,0
1716,0,0,0
1717,0,0,0
1718,0,0,0
1719,0,0,0
1720,0,0,0
1721,0,0,0
1722,0,0,0
1723,0,0,0
1724,0,0,0
1725,0,0,0
1726,0,0,0
1727,0,0,0
1728,0,0,0
1729,0,0,0
1730,0,0,0
1731,0,0,0
1732,0,0,0
1733,0,0,0
1734,0,0,0
1735,0,0,0
1736,0,0,0
1737,0,0,0
1738,0,0,0
1739,0,0,0
1740,0,0,0
1741,0,0,0
1742,0,0,0
1743,0,0,0
1744,0,0,0
1745,0,0,0
1746,0,0,0
1747,0,0,0
1748,0,0,0
1749,0,0,0
1750,0,0,0
1751,0,0,0
1752,0,0,0
1753,0,0,0
1754,0,0,0
1755,0,0,0
1756,0,0,0
1757,0,0,0
1758,0,0,0
1759,0,0,0
1760,0,0,0
1761,0,0,0
1762,0,0,0
1763,0,0,0
1764,0,0,0
1765,3.08853575573628e-08,0,6.17707151147257e-08
1766,2.47082860458903e-07,0,4.94165720917805e-07
1767,4.94165720917805e-07,0,9.8833144183561e-07
1768,7.41248581376708e-07,0,1.48249716275342e-06
1769,9.8833144183561e-07,0,1.97666288367122e-06
1770,1.23541430229451e-06,0,2.47082860458903e-06
1771,1.48249716275342e-06,0,2.96499432550683e-06
1772,1.72958002321232e-06,0,3.45916004642464e-06
1773,1.97666288367122e-06,0,3.95332576734244e-06
1774,2.22374574413012e-06,0,4.44749148826025e-06
1775,2.47082860458903e-06,0,4.94165720917805e-06
1776,2.71791146504793e-06,0,5.43582293009586e-06
1777,2.96499432550683e-06,0,5.92998865101366e-06
1778,3.21207718596573e-06,0,6.42415437193147e-06
1779,3.45916004642464e-06,0,6.91832009284927e-06
1780,3.70624290688354e-06,0,7.41248581376708e-06
1781,3.95332576734244e-06,0,7.90665153468488e-06
1782,4.20040862780134e-06,0,8.40081725560269e-06
1783,4.44749148826025e-06,0,8.89498297652049e-06
1784,4.69457434871915e-06,0,9.3891486974383e-06
1785,4.94165720917805e-06,0,9.8833144183561e-06
1786,5.18874006963695e-06,0,1.03774801392739e-05
1787,5.43582293009586e-06,0,1.08716458601917e-05
1788,5.68290579055476e-06,0,1.13658115811095e-05
1789,5.92998865101366e-06,0,1.18599773020273e-05
1790,6.17707151147256e-06,0,1.23541430229451e-05
1791,6.42415437193147e-06,0,1.28483087438629e-05
1792,6.67123723239037e-06,0,1.33424744647807e-05
1793,6.91832009284927e-06,0,1.38366401856985e-05
1794,7.16540295330817e-06,0,1.43308059066163e-05
1795,7.41248581376708e-06,0,1.48249716275342e-05
1796,7.65956867422598e-06,0,1.5319137348452e-05
1797,7.90665153468488e-06,0,1.58133030693698e-05
1798,8.15373439514379e-06,0,1.63074687902876e-05
1799,8.40081725560269e-06,0,1.68016345112054e-05
1800,8.64790011606159e-06,0,1.72958002321232e-05
1801,8.89498297652049e-06,0,1.7789965953041e-05
1802,9.1420658369794e-06,0,1.82841316739588e-05
1803,9.3891486974383e-06,0,1.87782973948766e-05
1804,9.6362315578972e-06,0,1.92724631157944e-05
1805,9.8833144183561e-06,0,1.97666288367122e-05
1806,1.0130397278815e-05,0,2.026079455763e-05
1807,1.03774801392739e-05,0,2.07549602785478e-05
1808,1.06245629997328e-05,0,2.12491259994656e-05
1809,1.08716458601917e-05,0,2.17432917203834e-05
1810,1.11187287206506e-05,0,2.22374574413012e-05
1811,1.13658115811095e-05,0,2.2731623162219e-05
1812,1.16128944415684e-05,0,2.32257888831368e-05
1813,1.18599773020273e-05,0,2.37199546040546e-05
1814,1.21070601624862e-05,0,2.42141203249725e-05
1815,1.23541430229451e-05,0,2.47082860458903e-05
1816,1.2601225883404e-05,0,2.52024517668081e-05
1817,1.28483087438629e-05,0,2.56966174877259e-05
1818,1.30953916043218e-05,0,2.61907832086437e-05
1819,1.33424744647807e-05,0,2.66849489295615e-05
1820,1.35895573252396e-05,0,2.71791146504793e-05
1821,1.38366401856985e-05,0,2.76732803713971e-05
1822,1.40837230461575e-05,0,2.81674460923149e-05
1823,1.43308059066163e-05,0,2.86616118132327e-05
1824,1.45778887670752e-05,0,2.91557775341505e-05
1825,1.48249716275342e-05,0,2.96499432550683e-05
1826,1.50720544879931e-05,0,3.01441089759861e-05
1827,1.5319137348452e-05,0,3.06382746969039e-05
1828,1.55662202089109e-05,0,3.11324404178217e-05
1829,1.58133030693698e-05,0,3.16266061387395e-05
1830,1.60603859298287e-05,0,3.21207718596573e-05
1831,1.63074687902876e-05,0,3.26149375805752e-05
1832,1.65545516507465e-05,0,3.31091033014929e-05
1833,1.68016345112054e-05,0,3.36032690224108e-05
1834,1.70487173716643e-05,0,3.40974347433286e-05
1835,1.72958002321232e-05,0,3.45916004642464e-05
1836,1.75428830925821e-05,0,3.50857661851642e-05
1837,1.7789965953041e-05,0,3.5579931906082e-05
1838,1.80370488134999e-05,0,3.60740976269998e-05
1839,1.82841316739588e-05,0,3.65682633479176e-05
1840,1.85312145344177e-05,0,3.70624290688354e-05
1841,1.87782973948766e-05,0,3.75565947897532e-05
1842,1.90253802553355e-05,0,3.8050760510671e-05
1843,1.92724631157944e-05,0,3.85449262315888e-05
1844,1.95195459762533e-05,0,3.90390919525066e-05
1845,1.97666288367122e-05,0,3.95332576734244e-05
1846,2.00137116971711e-05,0,4.00274233943422e-05
1847,2.026079455763e-05,0,4.052158911526e-05
1848,2.05078774180889e-05,0,4.10157548361778e-05
1849,2.07549602785478e-05,0,4.15099205570956e-05
1850,2.10020431390067e-05,0,4.20040862780134e-05
1851,2.12491259994656e-05,0,4.24982519989312e-05
1852,2.14962088599245e-05,0,4.29924177198491e-05
1853,2.17432917203834e-05,0,4.34865834407669e-05
1854,2.19903745808423e-05,0,4.39807491616846e-05
1855,2.22374574413012e-05,0,4.44749148826025e-05
1856,2.24845403017601e-05,0,4.49690806035203e-05
1857,2.2731623162219e-05,0,4.54632463244381e-05
1858,2.29787060226779e-05,0,4.59574120453559e-05
1859,2.32257888831368e-05,0,4.64515777662737e-05
1860,2.34728717435957e-05,0,4.69457434871915e-05
1861,2.37199546040546e-05,0,4.74399092081093e-05
1862,2.39670374645136e-05,0,4.79340749290271e-05
1863,2.42141203249725e-05,0,4.84282406499449e-05
1864,2.44612031854314e-05,0,4.89224063708627e-05
1865,2.47082860458903e-05,0,4.94165720917805e-05
1866,2.49553689063492e-05,0,4.99107378126983e-05
1867,2.52024517668081e-05,0,5.04049035336161e-05
1868,2.5449534627267e-05,0,5.08990692545339e-05
1869,2.56966174877259e-05,0,5.13932349754517e-05
1870,2.59437003481848e-05,0,5.18874006963695e-05
1871,2.61907832086437e-05,0,5.23815664172873e-05
1872,2.64378660691026e-05,0,5.28757321382052e-05
1873,2.66849489295615e-05,0,5.3369897859123e-05
1874,2.69320317900204e-05,0,5.38640635800408e-05
1875,2.71791146504793e-05,0,5.43582293009586e-05
1876,2.74261975109382e-05,0,5.48523950218764e-05
1877,2.76732803713971e-05,0,5.53465607427942e-05
1878,2.7920363231856e-05,0,5.5840726463712e-05
1879,2.81674460923149e-05,0,5.63348921846298e-05
1880,2.84145289527738e-05,0,5.68290579055476e-05
1881,2.86616118132327e-05,0,5.73232236264654e-05
1882,2.89086946736916e-05,0,5.78173893473832e-05
1883,2.91557775341505e-05,0,5.8311555068301e-05
1884,2.94028603946094e-05,0,5.88057207892188e-05
1885,2.96499432550683e-05,0,5.92998865101366e-05
1886,2.98970261155272e-05,0,5.97940522310544e-05
1887,3.01441089759861e-05,0,6.02882179519722e-05
1888,3.0391191836445e-05,0,6.078238367289e-05
1889,3.06382746969039e-05,0,6.12765493938078e-05
1890,3.08853575573628e-05,0,6.17707151147256e-05
1891,3.11324404178217e-05,0,6.22648808356435e-05
1892,3.13795232782806e-05,0,6.27590465565613e-05
1893,3.16266061387395e-05,0,6.32532122774791e-05
1894,3.18736889991984e-05,0,6.37473779983969e-05
1895,3.21207718596573e-05,0,6.42415437193147e-05
1896,3.23678547201162e-05,0,6.47357094402325e-05
1897,3.26149375805751e-05,0,6.52298751611503e-05
1898,3.2862020441034e-05,0,6.57240408820681e-05
1899,3.31091033014929e-05,0,6.62182066029859e-05
1900,3.33561861619518e-05,0,6.67123723239037e-05
1901,3.36032690224108e-05,0,6.72065380448215e-05
1902,3.38503518828696e-05,0,6.77007037657393e-05
1903,3.40974347433286e-05,0,6.81948694866571e-05
1904,3.43445176037875e-05,0,6.86890352075749e-05
1905,3.45916004642464e-05,0,6.91832009284927e-05
1906,3.48386833247053e-05,0,6.96773666494105e-05
1907,3.50857661851642e-05,0,7.01715323703283e-05
1908,3.53328490456231e-05,0,7.06656980912461e-05
1909,3.5579931906082e-05,0,7.11598638121639e-05
1910,3.58270147665409e-05,0,7.16540295330818e-05
1911,3.60740976269998e-05,0,7.21481952539995e-05
1912,3.63211804874587e-05,0,7.26423609749174e-05
1913,3.65682633479176e-05,0,7.31365266958352e-05
1914,3.68153462083765e-05,0,7.3630692416753e-05
1915,3.70624290688354e-05,0,7.41248581376708e-05
1916,3.73095119292943e-05,0,7.46190238585886e-05
1917,3.75565947897532e-05,0,7.51131895795064e-05
1918,3.78036776502121e-05,0,7.56073553004242e-05
1919,3.8050760510671e-05,0,7.6101521021342e-05
1920,3.82978433711299e-05,0,7.65956867422598e-05
1921,3.85449262315888e-05,0,7.70898524631776e-05
1922,3.87920090920477e-05,0,7.75840181840954e-05
1923,3.90390919525066e-05,0,7.80781839050132e-05
1924,3.92861748129655e-05,0,7.8572349625931e-05
1925,3.95332576734244e-05,0,7.90665153468488e-05
1926,3.97803405338833e-05,0,7.95606810677666e-05
1927,4.00274233943422e-05,0,8.00548467886844e-05
1928,4.02745062548011e-05,0,8.05490125096022e-05
1929,4.052158911526e-05,0,8.10431782305201e-05
1930,4.07686719757189e-05,0,8.15373439514378e-05
1931,4.10157548361778e-05,0,8.20315096723557e-05
1932,4.12628376966367e-05,0,8.25256753932734e-05
1933,4.15099205570956e-05,0,8.30198411141912e-05
1934,4.17570034175545e-05,0,8.35140068351091e-05
1935,4.20040862780134e-05,0,8.40081725560269e-05
1936,4.22511691384723e-05,0,8.45023382769447e-05
1937,4.24982519989312e-05,0,8.49965039978625e-05
1938,4.27453348593901e-05,0,8.54906697187803e-05
1939,4.2992417719849e-05,0,8.59848354396981e-05
1940,4.32395005803079e-05,0,8.64790011606159e-05
1941,4.34865834407669e-05,0,8.69731668815337e-05
1942,4.37336663012258e-05,0,8.74673326024515e-05
1943,4.39807491616846e-05,0,8.79614983233693e-05
1944,4.42278320221436e-05,0,8.84556640442871e-05
1945,4.44749148826025e-05,0,8.89498297652049e-05
1946,4.47219977430614e-05,0,8.94439954861228e-05
1947,4.49690806035203e-05,0,8.99381612070405e-05
1948,4.52161634639792e-05,0,9.04323269279583e-05
1949,4.54632463244381e-05,0,9.09264926488761e-05
1950,4.5710329184897e-05,0,9.14206583697939e-05
1951,4.59574120453559e-05,0,9.19148240907118e-05
1952,4.62044949058148e-05,0,9.24089898116296e-05
1953,4.64515777662737e-05,0,9.29031555325474e-05
1954,4.66986606267326e-05,0,9.33973212534651e-05
1955,4.69457434871915e-05,0,9.3891486974383e-05
1956,4.71928263476504e-05,0,9.43856526953008e-05
1957,4.74399092081093e-05,0,9.48798184162186e-05
1958,4.76869920685682e-05,0,9.53739841371364e-05
1959,4.79340749290271e-05,0,9.58681498580542e-05
1960,5.6535056987861e-05,5.97756131794101e-05,5.32945007963119e-05
1961,0.000395680694410318,0.000791361388820636,0
1962,0.000919100683020767,0.00183820136604153,0
1963,0.00154320437162965,0.0030864087432593,0
1964,0.00230075981276178,0.00457823512047351,2.32845050500525e-05
1965,0.00326246848666768,0.00635593149768994,0.000169005475645416
1966,0.00444403543077575,0.00846174787491099,0.00042632298664052
1967,0.00594885005046953,0.0109379342521322,0.000959765848806816
1968,0.00780703921000453,0.0138267406293491,0.00178733779066
1969,0.0101291081381444,0.0171704170065701,0.00308779926971873
1970,0.0129987110466375,0.0210112033837845,0.00498621870949048
1971,0.0164693264297954,0.0253913497609931,0.00754730309859765
1972,0.0205847998116526,0.030353196138226,0.0108164034850792
1973,0.0253458940726737,0.0359388425154381,0.0147529456299092
1974,0.0307754858502883,0.0421906888926489,0.0193602828079277
1975,0.0369133776279136,0.0491508352698703,0.0246759199859569
1976,0.0438018694055614,0.0568615816471143,0.0307421571640086
1977,0.0514833611831491,0.0653653280242981,0.0376013943420002
1978,0.0599998533179563,0.0746683552260117,0.0453313514099009
1979,0.159999847589361,0.175241218458401,0.144758476720321
1980,0.23999984218859,0.255781292391898,0.224218391985282
1981,0.299999836817397,0.316318436448999,0.283681237185794
1982,0.339999831257068,0.356874461933233,0.323125200580903
1983,0.389999825208703,0.407479318695639,0.372520331721767
1984,0.449999818421282,0.468158073458518,0.431841563384046
1985,0.51999981075456,0.538924724521272,0.501074896987848
1986,0.579999802160312,0.599784155012296,0.560215449308328
1987,0.61999979280799,0.640719436755423,0.599280148860557
1988,0.649999782875748,0.671712664947865,0.628286900803631
1989,0.659999772490806,0.682751143457627,0.637248401523986
1990,0.669999761722254,0.69382803590653,0.646171487537979
1991,0.679999750663247,0.704933901579594,0.6550655997469
1992,0.709999739380327,0.736062229641201,0.683937249119452
1993,0.739999727839771,0.767216275508709,0.712783180170833
1994,0.779999716016101,0.808398643517504,0.751600788514697
1995,0.839999703893663,0.869610961377473,0.810388446409853
1996,0.899999691392825,0.930861042091576,0.869138340694073
1997,0.929999678485127,0.962151815537327,0.897847541432927
1998,0.979999665066769,1.01349369905438,0.946505631079156
1999,1.01999965107223,1.05489320347938,0.985106098665078
2000,1.04999963642245,1.08635814181586,1.01364113102904
2001,1.09999962101811,1.13789860586285,1.06210063617337
2002,1.15999960474756,1.19952566404237,1.12047354545274
2003,1.21999958574357,1.26142610426012,1.17857306722701
2004,1.30385955542464,1.34831801478907,1.25940109606021
2005,1.38076952324109,1.42844638768122,1.33309265880097
2006,1.4534794949056,1.50398994203789,1.40296904777331
2007,1.5028794902687,1.55385363670929,1.4519053438281
2008,1.53916949442034,1.58972848373781,1.48861050510287
2009,1.58790950086404,1.63782407304362,1.53799492868445
2010,1.66125947078267,1.71418228326383,1.60833665830151
2011,1.7433294288526,1.80044536171467,1.68621349599054
2012,1.82306939724454,1.8833461773686,1.76279261712048
2013,1.95331929958562,2.0233621719185,1.88327642725274
2014,2.03932928357573,2.11097319192882,1.96768537522263
